<?xml version="1.0" encoding="UTF-8"?>
<config xmlns="http://www.knime.org/2008/09/XMLConfig" xmlns:xsi="http://www.w3.org/2001/XMLSchema-instance" xsi:schemaLocation="http://www.knime.org/2008/09/XMLConfig http://www.knime.org/XMLConfig_2008_09.xsd" key="model.xml">
    <entry key="version" type="xint" value="1"/>
    <entry key="class_name" type="xstring" value="org.knime.base.data.normalize.NormalizerPortObject"/>
    <config key="model">
        <config key="columns">
            <config key="Weight_of_Fish_in_Gram">
                <entry key="column_name" type="xstring" value="Weight_of_Fish_in_Gram"/>
                <entry key="column_scale" type="xdouble" value="6.059871530723548E-4"/>
                <entry key="column_translate" type="xdouble" value="0.0"/>
                <entry key="column_min" type="xdouble" value="0.0"/>
                <entry key="column_max" type="xdouble" value="1.0"/>
            </config>
            <config key="Diagonal_Length_in_cm">
                <entry key="column_name" type="xstring" value="Diagonal_Length_in_cm"/>
                <entry key="column_scale" type="xdouble" value="0.01818181818181818"/>
                <entry key="column_translate" type="xdouble" value="-0.15272727272727274"/>
                <entry key="column_min" type="xdouble" value="0.0"/>
                <entry key="column_max" type="xdouble" value="1.0"/>
            </config>
            <config key="Vertical_Length_in_cm">
                <entry key="column_name" type="xstring" value="Vertical_Length_in_cm"/>
                <entry key="column_scale" type="xdouble" value="0.019417475728155338"/>
                <entry key="column_translate" type="xdouble" value="-0.14563106796116504"/>
                <entry key="column_min" type="xdouble" value="0.0"/>
                <entry key="column_max" type="xdouble" value="1.0"/>
            </config>
            <config key="Cross_Length_in_cm">
                <entry key="column_name" type="xstring" value="Cross_Length_in_cm"/>
                <entry key="column_scale" type="xdouble" value="0.01689189189189189"/>
                <entry key="column_translate" type="xdouble" value="-0.14864864864864863"/>
                <entry key="column_min" type="xdouble" value="0.0"/>
                <entry key="column_max" type="xdouble" value="1.0"/>
            </config>
            <config key="Height_in_cm">
                <entry key="column_name" type="xstring" value="Height_in_cm"/>
                <entry key="column_scale" type="xdouble" value="0.058043021487526554"/>
                <entry key="column_translate" type="xdouble" value="-0.1003215583390409"/>
                <entry key="column_min" type="xdouble" value="0.0"/>
                <entry key="column_max" type="xdouble" value="1.0"/>
            </config>
            <config key="Diagonal_Width_in_cm">
                <entry key="column_name" type="xstring" value="Diagonal_Width_in_cm"/>
                <entry key="column_scale" type="xdouble" value="0.14095624718087507"/>
                <entry key="column_translate" type="xdouble" value="-0.14766576454668473"/>
                <entry key="column_min" type="xdouble" value="0.0"/>
                <entry key="column_max" type="xdouble" value="1.0"/>
            </config>
        </config>
        <entry key="summary" type="xstring" value="Min/Max (0.0, 1) normalization on 6 column(s)"/>
    </config>
</config>
